{
  "Name": "TsEntity23",
  "Id": 3000002,
  "BlueprintId": 0,
  "Transform": {
    "Pos": {
      "X": -5258.000057,
      "Y": -9100.000054,
      "Z": 790
    },
    "Rot": {
      "Z": 179.999999
    }
  },
  "ComponentsData": {}
}