{
  "Lable": "TsEntity23",
  "Transform": {
    "Pos": {
      "X": -5258.000057,
      "Y": -9100.000054,
      "Z": 790
    },
    "Rot": {
      "Z": 179.999999
    }
  },
  "PrefabId": 0,
  "Guid": "746E641F4F488E7A00310D8BCB7C3DE2",
  "ComponentsState": {},
  "ComponentsData": {}
}