{
  "Lable": "TsEntity23",
  "Transform": {
    "Pos": {
      "X": -5258.000057,
      "Y": -9100.000054,
      "Z": 790
    },
    "Rot": {
      "Z": 179.999999
    }
  },
  "PrefabId": 0,
  "ComponentsData": {},
  "Id": 3000002
}