{
  "Name": "TsEntity25",
  "Id": 3000000,
  "BlueprintId": 0,
  "Transform": {
    "Pos": {
      "X": -7227.999982,
      "Y": -7409.999998,
      "Z": 600
    },
    "Rot": {
      "Z": 179.999999
    }
  },
  "ComponentsData": {}
}