{
  "Lable": "TsSphereFactory9",
  "Transform": {
    "Pos": {
      "X": -5878.000018,
      "Y": -7510.000039,
      "Z": 1840
    },
    "Rot": {
      "Z": 179.999999
    }
  },
  "PrefabId": 11,
  "Guid": "D09A26E44E5193FFD9A2B592321E0A90",
  "ComponentsState": {
    "SphereFactoryComponent": {
      "SphereLocation": {
        "X": 3830,
        "Y": 5600,
        "Z": 1740
      },
      "SphereGuid": "A7DFCCFC47DA5AE66CB8F88808966AF6",
      "Disabled": false
    }
  }
}