{
  "Lable": "TsSphereFactory13",
  "Transform": {
    "Pos": {
      "X": -7077.999985,
      "Y": -7340,
      "Z": 1300
    },
    "Rot": {
      "Z": 179.999999
    }
  },
  "PrefabId": 11,
  "Guid": "7665F9C148994F6203D7159CAF764B40",
  "ComponentsData": {
    "SphereFactoryComponent": {
      "SphereLocation": {
        "X": 3830,
        "Y": 5600,
        "Z": 1740
      },
      "SphereGuid": "A7DFCCFC47DA5AE66CB8F88808966AF6",
      "Disabled": false
    }
  },
  "Id": 3000038
}