{
  "Lable": "TsSphereFactory10",
  "Transform": {
    "Pos": {
      "X": -5878.000023,
      "Y": -7710.000039,
      "Z": 1830
    },
    "Rot": {
      "Z": 179.999999
    }
  },
  "PrefabId": 11,
  "Guid": "54FD0C924D6AB5F39DC813A6617D4837",
  "ComponentsState": {
    "SphereFactoryComponent": {
      "SphereLocation": {
        "X": 3830,
        "Y": 5600,
        "Z": 1740
      },
      "SphereGuid": "A7DFCCFC47DA5AE66CB8F88808966AF6",
      "Disabled": false
    }
  }
}