{
  "Lable": "TsEntity22",
  "Transform": {
    "Pos": {
      "X": -5397.999969,
      "Y": -6380.000051,
      "Z": 780
    },
    "Rot": {
      "Z": 179.999999
    }
  },
  "PrefabId": 0,
  "ComponentsData": {},
  "Id": 3000005
}