{
  "Lable": "TsSphereFactory12",
  "Transform": {
    "Pos": {
      "X": -7127.999977,
      "Y": -7040,
      "Z": 1330
    },
    "Rot": {
      "Z": 179.999999
    }
  },
  "PrefabId": 11,
  "Guid": "90DE384D482917E1574211AE850D720D",
  "ComponentsData": {
    "SphereFactoryComponent": {
      "SphereLocation": {
        "X": 3830,
        "Y": 5600,
        "Z": 1740
      },
      "SphereGuid": "A7DFCCFC47DA5AE66CB8F88808966AF6",
      "Disabled": false
    }
  },
  "Id": 3000034
}