{
  "Name": "TsTrample16",
  "Id": 3000011,
  "BlueprintType": "BpTrample",
  "Transform": {
    "Pos": {
      "X": -3594.1802602037496,
      "Y": -10480.000093,
      "Z": 439.6673420426881
    },
    "Rot": {
      "Y": 29.999999077463617,
      "Z": 179.9999991154482
    }
  },
  "ComponentsData": {
    "TrampleComponent": {
      "IsDisposable": true,
      "TriggerActions": [
        {
          "Name": "SimpleMove",
          "Params": {
            "Who": 3000020,
            "UseTime": 2,
            "Pos": {
              "X": -4510,
              "Y": -9750,
              "Z": 420,
              "A": 0
            }
          }
        }
      ],
      "RecoveryActions": [],
      "Disabled": false
    }
  }
}