{
  "Lable": "TsEntity19",
  "Transform": {
    "Pos": {
      "X": -7187.999927,
      "Y": -5279.999999,
      "Z": 700
    },
    "Rot": {
      "Z": 179.999999
    }
  },
  "PrefabId": 0,
  "ComponentsData": {},
  "Id": 3000004
}