{
  "Lable": "TsSphereFactory8",
  "Transform": {
    "Pos": {
      "X": -5878.000063,
      "Y": -9350.000039,
      "Z": 1840
    },
    "Rot": {
      "Z": 179.999999
    }
  },
  "PrefabId": 11,
  "Guid": "E9455EC94E609A558951DA924317C4C1",
  "ComponentsData": {
    "SphereFactoryComponent": {
      "SphereLocation": {
        "X": 3830,
        "Y": 5600,
        "Z": 1740
      },
      "SphereGuid": "A7DFCCFC47DA5AE66CB8F88808966AF6",
      "Disabled": false
    }
  }
}