{
  "Entities": [
    {
      "Guid": "",
      "PrefabId": 1,
      "Pos": [
        -1415.1586724009835,
        -2744.8176245201794,
        100
      ],
      "Rotation": [
        0,
        0,
        -179.99999860565364
      ],
      "Fields": {},
      "Components": {}
    },
    {
      "Guid": "",
      "PrefabId": 2,
      "Pos": [
        -1160,
        -2550,
        100
      ],
      "Scale": [
        4.0000001192092896,
        4,
        4.0000001192092896
      ],
      "Fields": {},
      "Components": {}
    }
  ]
}