{
  "Lable": "TsSpringBoard",
  "Transform": {
    "Pos": {
      "X": -4498,
      "Y": -10480.000072,
      "Z": 510
    },
    "Rot": {
      "X": 180,
      "Y": 60.000000232390455,
      "Z": 180
    }
  },
  "PrefabId": 16,
  "ComponentsData": {},
  "Id": 3000023
}