{
  "Name": "TsSpringBoard",
  "Id": 3000023,
  "BlueprintType": "SpringBoard",
  "Transform": {
    "Pos": {
      "X": -4498,
      "Y": -10480.000072,
      "Z": 510
    },
    "Rot": {
      "X": 180,
      "Y": 60.000000232390455,
      "Z": 180
    }
  },
  "ComponentsData": {}
}